{
  "version": 1,
  "author": "Uri Shaked",
  "editor": "wokwi",
  "parts": [
    { "type": "wokwi-arduino-uno", "id": "uno", "top": 120, "left": 20, "attrs": {} },
    {
      "type": "wokwi-resistor",
      "id": "r1",
      "top": 67,
      "left": 115,
      "rotate": 90,
      "attrs": { "value": "220" }
    },
    { "type": "wokwi-led", "id": "led", "top": 0, "left": 120, "attrs": { "color": "red" } }
  ],
  "connections": [
    [ "uno:GND.1", "led:C", "black", [] ],
    [ "r1:1", "led:A", "blue", [] ],
    [ "r1:2", "uno:2", "green", [ "h0" ] ]
  ],
  "dependencies": {}
}