{
  "version": 1,
  "author": "ELYAS Ail",
  "editor": "wokwi",
  "parts": [
    { "type": "wokwi-arduino-uno", "id": "uno", "top": 91.63, "left": -594.64, "attrs": {} },
    {
      "type": "wokwi-membrane-keypad",
      "id": "keypad1",
      "top": -347.28,
      "left": -591.15,
      "attrs": {}
    },
    {
      "type": "wokwi-tm1637-7segment",
      "id": "sevseg3",
      "top": -291.11,
      "left": -156.59,
      "attrs": { "color": "red" }
    },
    {
      "type": "wokwi-buzzer",
      "id": "bz1",
      "top": -137.24,
      "left": -117.11,
      "attrs": { "volume": "0.1" }
    }
  ],
  "connections": [
    [ "keypad1:C4", "uno:2", "green", [ "v12.72", "h47.14" ] ],
    [ "keypad1:C3", "uno:3", "green", [ "v15.93", "h61.15", "v2.13" ] ],
    [ "keypad1:C2", "uno:4", "green", [ "v20.19", "h62.37", "v6.4" ] ],
    [ "keypad1:C1", "uno:5", "green", [ "v22.33", "h65.46", "v5.34" ] ],
    [ "keypad1:R4", "uno:6", "green", [ "v28.73", "h63.22" ] ],
    [ "keypad1:R3", "uno:7", "green", [ "v34.07", "h62.05" ] ],
    [ "keypad1:R2", "uno:8", "green", [ "v39.4", "h53.41", "v-2.13" ] ],
    [ "keypad1:R1", "uno:9", "green", [ "v44.74", "h7.92" ] ]
  ],
  "dependencies": {}
}